,lon_sunrise,lon_sunset,man_sunrise,man_sunset,edi_sunrise,edi_sunset
2022-01-01,2022-01-01 08:06:00,2022-01-01 16:02:00,2022-01-01 08:25:00,2022-01-01 16:00:00,2022-01-01 08:44:00,2022-01-01 15:49:00
2022-01-02,2022-01-01 07:39:00,2022-01-01 16:50:00,2022-01-01 07:54:00,2022-01-01 16:52:00,2022-01-01 08:07:00,2022-01-01 16:46:00
2022-01-03,2022-01-01 06:46:00,2022-01-01 17:41:00,2022-01-01 06:57:00,2022-01-01 17:46:00,2022-01-01 07:04:00,2022-01-01 17:47:00
2022-01-04,2022-01-01 06:36:00,2022-01-01 19:34:00,2022-01-01 06:42:00,2022-01-01 19:44:00,2022-01-01 06:44:00,2022-01-01 19:51:00
2022-01-05,2022-01-01 05:33:00,2022-01-01 20:24:00,2022-01-01 05:34:00,2022-01-01 20:39:00,2022-01-01 05:29:00,2022-01-01 20:52:00
2022-01-06,2022-01-01 04:49:00,2022-01-01 21:08:00,2022-01-01 04:47:00,2022-01-01 21:27:00,2022-01-01 04:35:00,2022-01-01 21:47:00
2022-01-07,2022-01-01 04:47:00,2022-01-01 21:21:00,2022-01-01 04:44:00,2022-01-01 21:41:00,2022-01-01 04:31:00,2022-01-01 22:01:00
2022-01-08,2022-01-01 05:24:00,2022-01-01 20:49:00,2022-01-01 05:24:00,2022-01-01 21:05:00,2022-01-01 05:17:00,2022-01-01 21:20:00
2022-01-09,2022-01-01 06:13:00,2022-01-01 19:47:00,2022-01-01 06:18:00,2022-01-01 19:59:00,2022-01-01 06:17:00,2022-01-01 20:07:00
2022-01-10,2022-01-01 07:01:00,2022-01-01 18:38:00,2022-01-01 07:10:00,2022-01-01 18:46:00,2022-01-01 07:15:00,2022-01-01 18:48:00
2022-01-11,2022-01-01 06:54:00,2022-01-01 16:33:00,2022-01-01 07:08:00,2022-01-01 16:36:00,2022-01-01 07:19:00,2022-01-01 16:32:00
2022-01-12,2022-01-01 07:44:00,2022-01-01 15:55:00,2022-01-01 08:02:00,2022-01-01 15:54:00,2022-01-01 08:19:00,2022-01-01 15:44:00
2022-01-13,2022-01-01 08:06:00,2022-01-01 16:03:00,2022-01-01 08:25:00,2022-01-01 16:01:00,2022-01-01 08:43:00,2022-01-01 15:50:00
2022-01-14,2022-01-01 07:37:00,2022-01-01 16:52:00,2022-01-01 07:52:00,2022-01-01 16:53:00,2022-01-01 08:06:00,2022-01-01 16:48:00
2022-01-15,2022-01-01 06:44:00,2022-01-01 17:42:00,2022-01-01 06:55:00,2022-01-01 17:48:00,2022-01-01 07:02:00,2022-01-01 17:49:00
2022-01-16,2022-01-01 06:34:00,2022-01-01 19:35:00,2022-01-01 06:40:00,2022-01-01 19:46:00,2022-01-01 06:41:00,2022-01-01 19:53:00
2022-01-17,2022-01-01 05:31:00,2022-01-01 20:25:00,2022-01-01 05:32:00,2022-01-01 20:40:00,2022-01-01 05:27:00,2022-01-01 20:54:00
2022-01-18,2022-01-01 04:48:00,2022-01-01 21:09:00,2022-01-01 04:46:00,2022-01-01 21:29:00,2022-01-01 04:34:00,2022-01-01 21:48:00
2022-01-19,2022-01-01 04:48:00,2022-01-01 21:20:00,2022-01-01 04:45:00,2022-01-01 21:40:00,2022-01-01 04:32:00,2022-01-01 22:01:00
2022-01-20,2022-01-01 05:25:00,2022-01-01 20:47:00,2022-01-01 05:26:00,2022-01-01 21:03:00,2022-01-01 05:19:00,2022-01-01 21:18:00
2022-01-21,2022-01-01 06:14:00,2022-01-01 19:45:00,2022-01-01 06:20:00,2022-01-01 19:56:00,2022-01-01 06:19:00,2022-01-01 20:05:00
2022-01-22,2022-01-01 07:03:00,2022-01-01 18:36:00,2022-01-01 07:12:00,2022-01-01 18:43:00,2022-01-01 07:17:00,2022-01-01 18:46:00
2022-01-23,2022-01-01 06:55:00,2022-01-01 16:32:00,2022-01-01 07:10:00,2022-01-01 16:34:00,2022-01-01 07:21:00,2022-01-01 16:30:00
2022-01-24,2022-01-01 07:45:00,2022-01-01 15:54:00,2022-01-01 08:03:00,2022-01-01 15:53:00,2022-01-01 08:21:00,2022-01-01 15:43:00
2022-01-25,2022-01-01 08:06:00,2022-01-01 16:04:00,2022-01-01 08:24:00,2022-01-01 16:03:00,2022-01-01 08:43:00,2022-01-01 15:52:00
2022-01-26,2022-01-01 07:36:00,2022-01-01 16:53:00,2022-01-01 07:51:00,2022-01-01 16:55:00,2022-01-01 08:04:00,2022-01-01 16:50:00
2022-01-27,2022-01-01 06:41:00,2022-01-01 17:44:00,2022-01-01 06:52:00,2022-01-01 17:50:00,2022-01-01 06:59:00,2022-01-01 17:51:00
2022-01-28,2022-01-01 06:31:00,2022-01-01 19:37:00,2022-01-01 06:38:00,2022-01-01 19:48:00,2022-01-01 06:38:00,2022-01-01 19:55:00
2022-01-29,2022-01-01 05:29:00,2022-01-01 20:27:00,2022-01-01 05:30:00,2022-01-01 20:42:00,2022-01-01 05:25:00,2022-01-01 20:56:00
2022-01-30,2022-01-01 04:48:00,2022-01-01 21:10:00,2022-01-01 04:45:00,2022-01-01 21:30:00,2022-01-01 04:33:00,2022-01-01 21:49:00
2022-01-31,2022-01-01 04:49:00,2022-01-01 21:20:00,2022-01-01 04:46:00,2022-01-01 21:40:00,2022-01-01 04:33:00,2022-01-01 22:00:00
2022-02-01,2022-01-01 05:27:00,2022-01-01 20:45:00,2022-01-01 05:28:00,2022-01-01 21:01:00,2022-01-01 05:20:00,2022-01-01 21:16:00
2022-02-02,2022-01-01 06:16:00,2022-01-01 19:42:00,2022-01-01 06:21:00,2022-01-01 19:54:00,2022-01-01 06:21:00,2022-01-01 20:02:00
2022-02-03,2022-01-01 07:04:00,2022-01-01 18:34:00,2022-01-01 07:14:00,2022-01-01 18:41:00,2022-01-01 07:19:00,2022-01-01 18:43:00
2022-02-04,2022-01-01 06:57:00,2022-01-01 16:30:00,2022-01-01 07:11:00,2022-01-01 16:32:00,2022-01-01 07:24:00,2022-01-01 16:28:00
2022-02-05,2022-01-01 07:46:00,2022-01-01 15:54:00,2022-01-01 08:05:00,2022-01-01 15:52:00,2022-01-01 08:22:00,2022-01-01 15:42:00
2022-02-06,2022-01-01 08:06:00,2022-01-01 16:05:00,2022-01-01 08:24:00,2022-01-01 16:04:00,2022-01-01 08:43:00,2022-01-01 15:53:00
2022-02-07,2022-01-01 07:34:00,2022-01-01 16:55:00,2022-01-01 07:49:00,2022-01-01 16:57:00,2022-01-01 08:02:00,2022-01-01 16:52:00
2022-02-08,2022-01-01 06:39:00,2022-01-01 17:46:00,2022-01-01 06:50:00,2022-01-01 17:52:00,2022-01-01 06:57:00,2022-01-01 17:53:00
2022-02-09,2022-01-01 06:29:00,2022-01-01 19:39:00,2022-01-01 06:35:00,2022-01-01 19:50:00,2022-01-01 06:36:00,2022-01-01 19:57:00
2022-02-10,2022-01-01 05:27:00,2022-01-01 20:28:00,2022-01-01 05:28:00,2022-01-01 20:44:00,2022-01-01 05:23:00,2022-01-01 20:58:00
2022-02-11,2022-01-01 04:47:00,2022-01-01 21:11:00,2022-01-01 04:44:00,2022-01-01 21:31:00,2022-01-01 04:32:00,2022-01-01 21:51:00
2022-02-12,2022-01-01 04:50:00,2022-01-01 21:20:00,2022-01-01 04:47:00,2022-01-01 21:39:00,2022-01-01 04:34:00,2022-01-01 22:00:00
2022-02-13,2022-01-01 05:29:00,2022-01-01 20:44:00,2022-01-01 05:29:00,2022-01-01 20:59:00,2022-01-01 05:22:00,2022-01-01 21:14:00
2022-02-14,2022-01-01 06:18:00,2022-01-01 19:40:00,2022-01-01 06:23:00,2022-01-01 19:52:00,2022-01-01 06:23:00,2022-01-01 20:00:00
2022-02-15,2022-01-01 07:06:00,2022-01-01 18:32:00,2022-01-01 07:16:00,2022-01-01 18:39:00,2022-01-01 07:21:00,2022-01-01 18:40:00
2022-02-16,2022-01-01 06:59:00,2022-01-01 16:28:00,2022-01-01 07:13:00,2022-01-01 16:31:00,2022-01-01 07:26:00,2022-01-01 16:26:00
2022-02-17,2022-01-01 07:48:00,2022-01-01 15:53:00,2022-01-01 08:06:00,2022-01-01 15:52:00,2022-01-01 08:24:00,2022-01-01 15:42:00
2022-02-18,2022-01-01 08:05:00,2022-01-01 16:07:00,2022-01-01 08:24:00,2022-01-01 16:05:00,2022-01-01 08:42:00,2022-01-01 15:54:00
2022-02-19,2022-01-01 07:32:00,2022-01-01 16:57:00,2022-01-01 07:47:00,2022-01-01 16:59:00,2022-01-01 08:00:00,2022-01-01 16:55:00
2022-02-20,2022-01-01 06:37:00,2022-01-01 17:48:00,2022-01-01 06:48:00,2022-01-01 17:54:00,2022-01-01 06:54:00,2022-01-01 17:55:00
2022-02-21,2022-01-01 06:27:00,2022-01-01 19:40:00,2022-01-01 06:33:00,2022-01-01 19:51:00,2022-01-01 06:33:00,2022-01-01 19:59:00
2022-02-22,2022-01-01 05:25:00,2022-01-01 20:30:00,2022-01-01 05:27:00,2022-01-01 20:46:00,2022-01-01 05:20:00,2022-01-01 21:00:00
2022-02-23,2022-01-01 04:46:00,2022-01-01 21:12:00,2022-01-01 04:44:00,2022-01-01 21:32:00,2022-01-01 04:31:00,2022-01-01 21:52:00
2022-02-24,2022-01-01 04:50:00,2022-01-01 21:19:00,2022-01-01 04:48:00,2022-01-01 21:39:00,2022-01-01 04:35:00,2022-01-01 21:59:00
2022-02-25,2022-01-01 05:30:00,2022-01-01 20:42:00,2022-01-01 05:31:00,2022-01-01 20:58:00,2022-01-01 05:24:00,2022-01-01 21:12:00
2022-02-26,2022-01-01 06:19:00,2022-01-01 19:38:00,2022-01-01 06:25:00,2022-01-01 19:49:00,2022-01-01 06:25:00,2022-01-01 19:57:00
2022-02-27,2022-01-01 07:07:00,2022-01-01 18:29:00,2022-01-01 07:17:00,2022-01-01 18:36:00,2022-01-01 07:23:00,2022-01-01 18:38:00
2022-02-28,2022-01-01 07:01:00,2022-01-01 16:26:00,2022-01-01 07:15:00,2022-01-01 16:29:00,2022-01-01 07:28:00,2022-01-01 16:24:00
2022-03-01,2022-01-01 07:49:00,2022-01-01 15:53:00,2022-01-01 08:07:00,2022-01-01 15:51:00,2022-01-01 08:25:00,2022-01-01 15:41:00
2022-03-02,2022-01-01 08:05:00,2022-01-01 16:08:00,2022-01-01 08:23:00,2022-01-01 16:06:00,2022-01-01 08:41:00,2022-01-01 15:56:00
2022-03-03,2022-01-01 07:31:00,2022-01-01 16:59:00,2022-01-01 07:45:00,2022-01-01 17:01:00,2022-01-01 07:58:00,2022-01-01 16:57:00
2022-03-04,2022-01-01 06:35:00,2022-01-01 17:49:00,2022-01-01 06:45:00,2022-01-01 17:56:00,2022-01-01 06:52:00,2022-01-01 17:57:00
2022-03-05,2022-01-01 06:25:00,2022-01-01 19:42:00,2022-01-01 06:30:00,2022-01-01 19:53:00,2022-01-01 06:31:00,2022-01-01 20:01:00
2022-03-06,2022-01-01 05:23:00,2022-01-01 20:32:00,2022-01-01 05:25:00,2022-01-01 20:47:00,2022-01-01 05:18:00,2022-01-01 21:02:00
2022-03-07,2022-01-01 04:46:00,2022-01-01 21:13:00,2022-01-01 04:43:00,2022-01-01 21:33:00,2022-01-01 04:31:00,2022-01-01 21:53:00
2022-03-08,2022-01-01 04:51:00,2022-01-01 21:19:00,2022-01-01 04:49:00,2022-01-01 21:38:00,2022-01-01 04:36:00,2022-01-01 21:58:00
2022-03-09,2022-01-01 05:32:00,2022-01-01 20:40:00,2022-01-01 05:33:00,2022-01-01 20:56:00,2022-01-01 05:26:00,2022-01-01 21:10:00
2022-03-10,2022-01-01 06:21:00,2022-01-01 19:36:00,2022-01-01 06:27:00,2022-01-01 19:47:00,2022-01-01 06:27:00,2022-01-01 19:54:00
2022-03-11,2022-01-01 07:09:00,2022-01-01 18:27:00,2022-01-01 07:19:00,2022-01-01 18:34:00,2022-01-01 07:25:00,2022-01-01 18:35:00
2022-03-12,2022-01-01 07:03:00,2022-01-01 16:25:00,2022-01-01 07:17:00,2022-01-01 16:27:00,2022-01-01 07:30:00,2022-01-01 16:22:00
2022-03-13,2022-01-01 07:50:00,2022-01-01 15:52:00,2022-01-01 08:09:00,2022-01-01 15:51:00,2022-01-01 08:27:00,2022-01-01 15:40:00
2022-03-14,2022-01-01 08:04:00,2022-01-01 16:09:00,2022-01-01 08:23:00,2022-01-01 16:08:00,2022-01-01 08:41:00,2022-01-01 15:57:00
2022-03-15,2022-01-01 07:29:00,2022-01-01 17:01:00,2022-01-01 07:43:00,2022-01-01 17:03:00,2022-01-01 07:56:00,2022-01-01 16:59:00
2022-03-16,2022-01-01 06:33:00,2022-01-01 17:51:00,2022-01-01 06:43:00,2022-01-01 17:58:00,2022-01-01 06:49:00,2022-01-01 17:59:00
2022-03-17,2022-01-01 06:23:00,2022-01-01 19:44:00,2022-01-01 06:28:00,2022-01-01 19:55:00,2022-01-01 06:28:00,2022-01-01 20:03:00
2022-03-18,2022-01-01 05:22:00,2022-01-01 20:33:00,2022-01-01 05:23:00,2022-01-01 20:49:00,2022-01-01 05:16:00,2022-01-01 21:04:00
2022-03-19,2022-01-01 04:45:00,2022-01-01 21:14:00,2022-01-01 04:42:00,2022-01-01 21:34:00,2022-01-01 04:30:00,2022-01-01 21:54:00
2022-03-20,2022-01-01 04:52:00,2022-01-01 21:18:00,2022-01-01 04:50:00,2022-01-01 21:37:00,2022-01-01 04:37:00,2022-01-01 21:57:00
2022-03-21,2022-01-01 05:33:00,2022-01-01 20:38:00,2022-01-01 05:34:00,2022-01-01 20:54:00,2022-01-01 05:28:00,2022-01-01 21:08:00
2022-03-22,2022-01-01 06:22:00,2022-01-01 19:33:00,2022-01-01 06:28:00,2022-01-01 19:44:00,2022-01-01 06:29:00,2022-01-01 19:52:00
2022-03-23,2022-01-01 07:11:00,2022-01-01 18:25:00,2022-01-01 07:21:00,2022-01-01 18:31:00,2022-01-01 07:27:00,2022-01-01 18:33:00
2022-03-24,2022-01-01 07:04:00,2022-01-01 16:23:00,2022-01-01 07:19:00,2022-01-01 16:25:00,2022-01-01 07:32:00,2022-01-01 16:20:00
2022-03-25,2022-01-01 07:51:00,2022-01-01 15:52:00,2022-01-01 08:10:00,2022-01-01 15:50:00,2022-01-01 08:28:00,2022-01-01 15:40:00
2022-03-26,2022-01-01 08:04:00,2022-01-01 16:10:00,2022-01-01 08:22:00,2022-01-01 16:09:00,2022-01-01 08:40:00,2022-01-01 15:59:00
2022-03-27,2022-01-01 07:27:00,2022-01-01 17:03:00,2022-01-01 07:41:00,2022-01-01 17:05:00,2022-01-01 07:53:00,2022-01-01 17:01:00
2022-03-28,2022-01-01 06:30:00,2022-01-01 17:53:00,2022-01-01 06:40:00,2022-01-01 18:00:00,2022-01-01 06:47:00,2022-01-01 18:02:00
2022-03-29,2022-01-01 06:20:00,2022-01-01 19:45:00,2022-01-01 06:26:00,2022-01-01 19:57:00,2022-01-01 06:25:00,2022-01-01 20:05:00
2022-03-30,2022-01-01 05:20:00,2022-01-01 20:35:00,2022-01-01 05:21:00,2022-01-01 20:51:00,2022-01-01 05:14:00,2022-01-01 21:06:00
2022-03-31,2022-01-01 04:45:00,2022-01-01 21:15:00,2022-01-01 04:42:00,2022-01-01 21:35:00,2022-01-01 04:29:00,2022-01-01 21:55:00
2022-04-01,2022-01-01 04:53:00,2022-01-01 21:17:00,2022-01-01 04:51:00,2022-01-01 21:37:00,2022-01-01 04:38:00,2022-01-01 21:56:00
2022-04-02,2022-01-01 05:35:00,2022-01-01 20:36:00,2022-01-01 05:36:00,2022-01-01 20:52:00,2022-01-01 05:30:00,2022-01-01 21:05:00
2022-04-03,2022-01-01 06:24:00,2022-01-01 19:31:00,2022-01-01 06:30:00,2022-01-01 19:42:00,2022-01-01 06:31:00,2022-01-01 19:49:00
2022-04-04,2022-01-01 07:12:00,2022-01-01 18:23:00,2022-01-01 07:23:00,2022-01-01 18:29:00,2022-01-01 07:29:00,2022-01-01 18:30:00
2022-04-05,2022-01-01 07:06:00,2022-01-01 16:21:00,2022-01-01 07:21:00,2022-01-01 16:23:00,2022-01-01 07:34:00,2022-01-01 16:18:00
2022-04-06,2022-01-01 07:53:00,2022-01-01 15:52:00,2022-01-01 08:11:00,2022-01-01 15:50:00,2022-01-01 08:30:00,2022-01-01 15:39:00
2022-04-07,2022-01-01 08:04:00,2022-01-01 16:12:00,2022-01-01 08:22:00,2022-01-01 16:11:00,2022-01-01 08:39:00,2022-01-01 16:01:00
2022-04-08,2022-01-01 07:26:00,2022-01-01 17:04:00,2022-01-01 07:40:00,2022-01-01 17:07:00,2022-01-01 07:51:00,2022-01-01 17:03:00
2022-04-09,2022-01-01 06:28:00,2022-01-01 17:55:00,2022-01-01 06:38:00,2022-01-01 18:02:00,2022-01-01 06:44:00,2022-01-01 18:04:00
2022-04-10,2022-01-01 06:18:00,2022-01-01 19:47:00,2022-01-01 06:23:00,2022-01-01 19:59:00,2022-01-01 06:23:00,2022-01-01 20:07:00
2022-04-11,2022-01-01 05:18:00,2022-01-01 20:37:00,2022-01-01 05:19:00,2022-01-01 20:53:00,2022-01-01 05:12:00,2022-01-01 21:08:00
2022-04-12,2022-01-01 04:44:00,2022-01-01 21:16:00,2022-01-01 04:41:00,2022-01-01 21:35:00,2022-01-01 04:29:00,2022-01-01 21:56:00
2022-04-13,2022-01-01 04:54:00,2022-01-01 21:17:00,2022-01-01 04:52:00,2022-01-01 21:36:00,2022-01-01 04:40:00,2022-01-01 21:56:00
2022-04-14,2022-01-01 05:36:00,2022-01-01 20:35:00,2022-01-01 05:38:00,2022-01-01 20:50:00,2022-01-01 05:32:00,2022-01-01 21:03:00
2022-04-15,2022-01-01 06:26:00,2022-01-01 19:29:00,2022-01-01 06:32:00,2022-01-01 19:40:00,2022-01-01 06:32:00,2022-01-01 19:46:00
2022-04-16,2022-01-01 07:14:00,2022-01-01 18:20:00,2022-01-01 07:25:00,2022-01-01 18:27:00,2022-01-01 07:31:00,2022-01-01 18:27:00
2022-04-17,2022-01-01 07:08:00,2022-01-01 16:20:00,2022-01-01 07:23:00,2022-01-01 16:22:00,2022-01-01 07:36:00,2022-01-01 16:16:00
2022-04-18,2022-01-01 07:54:00,2022-01-01 15:52:00,2022-01-01 08:12:00,2022-01-01 15:50:00,2022-01-01 08:31:00,2022-01-01 15:39:00
2022-04-19,2022-01-01 08:03:00,2022-01-01 16:13:00,2022-01-01 08:21:00,2022-01-01 16:12:00,2022-01-01 08:39:00,2022-01-01 16:02:00
2022-04-20,2022-01-01 07:24:00,2022-01-01 17:06:00,2022-01-01 07:38:00,2022-01-01 17:09:00,2022-01-01 07:49:00,2022-01-01 17:06:00
2022-04-21,2022-01-01 06:26:00,2022-01-01 17:56:00,2022-01-01 06:36:00,2022-01-01 18:03:00,2022-01-01 06:41:00,2022-01-01 18:06:00
2022-04-22,2022-01-01 06:16:00,2022-01-01 19:49:00,2022-01-01 06:21:00,2022-01-01 20:00:00,2022-01-01 06:20:00,2022-01-01 20:09:00
2022-04-23,2022-01-01 05:17:00,2022-01-01 20:38:00,2022-01-01 05:17:00,2022-01-01 20:54:00,2022-01-01 05:10:00,2022-01-01 21:10:00
2022-04-24,2022-01-01 04:44:00,2022-01-01 21:16:00,2022-01-01 04:41:00,2022-01-01 21:36:00,2022-01-01 04:28:00,2022-01-01 21:57:00
2022-04-25,2022-01-01 04:55:00,2022-01-01 21:16:00,2022-01-01 04:53:00,2022-01-01 21:35:00,2022-01-01 04:41:00,2022-01-01 21:55:00
2022-04-26,2022-01-01 05:38:00,2022-01-01 20:33:00,2022-01-01 05:40:00,2022-01-01 20:48:00,2022-01-01 05:34:00,2022-01-01 21:01:00
2022-04-27,2022-01-01 06:27:00,2022-01-01 19:27:00,2022-01-01 06:33:00,2022-01-01 19:37:00,2022-01-01 06:34:00,2022-01-01 19:44:00
2022-04-28,2022-01-01 07:16:00,2022-01-01 18:18:00,2022-01-01 07:26:00,2022-01-01 18:24:00,2022-01-01 07:33:00,2022-01-01 18:25:00
2022-04-29,2022-01-01 07:10:00,2022-01-01 16:18:00,2022-01-01 07:25:00,2022-01-01 16:20:00,2022-01-01 07:38:00,2022-01-01 16:14:00
2022-04-30,2022-01-01 07:55:00,2022-01-01 15:51:00,2022-01-01 08:14:00,2022-01-01 15:50:00,2022-01-01 08:32:00,2022-01-01 15:39:00
2022-05-01,2022-01-01 08:02:00,2022-01-01 16:15:00,2022-01-01 08:20:00,2022-01-01 16:14:00,2022-01-01 08:38:00,2022-01-01 16:04:00
2022-05-02,2022-01-01 07:22:00,2022-01-01 17:08:00,2022-01-01 07:36:00,2022-01-01 17:11:00,2022-01-01 07:47:00,2022-01-01 17:08:00
2022-05-03,2022-01-01 06:24:00,2022-01-01 17:58:00,2022-01-01 06:33:00,2022-01-01 18:05:00,2022-01-01 06:39:00,2022-01-01 18:08:00
2022-05-04,2022-01-01 06:14:00,2022-01-01 19:50:00,2022-01-01 06:19:00,2022-01-01 20:02:00,2022-01-01 06:18:00,2022-01-01 20:11:00
2022-05-05,2022-01-01 05:15:00,2022-01-01 20:40:00,2022-01-01 05:15:00,2022-01-01 20:56:00,2022-01-01 05:08:00,2022-01-01 21:12:00
2022-05-06,2022-01-01 04:43:00,2022-01-01 21:17:00,2022-01-01 04:40:00,2022-01-01 21:37:00,2022-01-01 04:27:00,2022-01-01 21:58:00
2022-05-07,2022-01-01 04:56:00,2022-01-01 21:15:00,2022-01-01 04:54:00,2022-01-01 21:34:00,2022-01-01 04:42:00,2022-01-01 21:53:00
2022-05-08,2022-01-01 05:39:00,2022-01-01 20:31:00,2022-01-01 05:41:00,2022-01-01 20:46:00,2022-01-01 05:36:00,2022-01-01 20:59:00
2022-05-09,2022-01-01 06:29:00,2022-01-01 19:24:00,2022-01-01 06:35:00,2022-01-01 19:35:00,2022-01-01 06:36:00,2022-01-01 19:41:00
2022-05-10,2022-01-01 07:17:00,2022-01-01 18:16:00,2022-01-01 07:28:00,2022-01-01 18:22:00,2022-01-01 07:36:00,2022-01-01 18:22:00
2022-05-11,2022-01-01 07:11:00,2022-01-01 16:17:00,2022-01-01 07:27:00,2022-01-01 16:18:00,2022-01-01 07:40:00,2022-01-01 16:12:00
2022-05-12,2022-01-01 07:56:00,2022-01-01 15:51:00,2022-01-01 08:15:00,2022-01-01 15:49:00,2022-01-01 08:33:00,2022-01-01 15:38:00
2022-05-13,2022-01-01 08:02:00,2022-01-01 16:16:00,2022-01-01 08:19:00,2022-01-01 16:15:00,2022-01-01 08:37:00,2022-01-01 16:06:00
2022-05-14,2022-01-01 07:20:00,2022-01-01 17:10:00,2022-01-01 07:34:00,2022-01-01 17:13:00,2022-01-01 07:45:00,2022-01-01 17:10:00
2022-05-15,2022-01-01 06:22:00,2022-01-01 18:00:00,2022-01-01 06:31:00,2022-01-01 18:07:00,2022-01-01 06:36:00,2022-01-01 18:10:00
2022-05-16,2022-01-01 06:11:00,2022-01-01 19:52:00,2022-01-01 06:16:00,2022-01-01 20:04:00,2022-01-01 06:15:00,2022-01-01 20:13:00
2022-05-17,2022-01-01 05:13:00,2022-01-01 20:41:00,2022-01-01 05:14:00,2022-01-01 20:58:00,2022-01-01 05:06:00,2022-01-01 21:13:00
2022-05-18,2022-01-01 04:43:00,2022-01-01 21:18:00,2022-01-01 04:40:00,2022-01-01 21:38:00,2022-01-01 04:27:00,2022-01-01 21:59:00
2022-05-19,2022-01-01 04:57:00,2022-01-01 21:14:00,2022-01-01 04:55:00,2022-01-01 21:33:00,2022-01-01 04:44:00,2022-01-01 21:52:00
2022-05-20,2022-01-01 05:41:00,2022-01-01 20:29:00,2022-01-01 05:43:00,2022-01-01 20:44:00,2022-01-01 05:38:00,2022-01-01 20:56:00
2022-05-21,2022-01-01 06:30:00,2022-01-01 19:22:00,2022-01-01 06:37:00,2022-01-01 19:32:00,2022-01-01 06:38:00,2022-01-01 19:38:00
2022-05-22,2022-01-01 07:19:00,2022-01-01 18:14:00,2022-01-01 07:30:00,2022-01-01 18:20:00,2022-01-01 07:38:00,2022-01-01 18:20:00
2022-05-23,2022-01-01 07:13:00,2022-01-01 16:15:00,2022-01-01 07:29:00,2022-01-01 16:17:00,2022-01-01 07:43:00,2022-01-01 16:10:00
2022-05-24,2022-01-01 07:57:00,2022-01-01 15:51:00,2022-01-01 08:16:00,2022-01-01 15:49:00,2022-01-01 08:35:00,2022-01-01 15:38:00
2022-05-25,2022-01-01 08:01:00,2022-01-01 16:18:00,2022-01-01 08:19:00,2022-01-01 16:17:00,2022-01-01 08:36:00,2022-01-01 16:07:00
2022-05-26,2022-01-01 07:18:00,2022-01-01 17:12:00,2022-01-01 07:32:00,2022-01-01 17:15:00,2022-01-01 07:43:00,2022-01-01 17:12:00
2022-05-27,2022-01-01 06:19:00,2022-01-01 18:01:00,2022-01-01 06:29:00,2022-01-01 18:09:00,2022-01-01 06:34:00,2022-01-01 18:12:00
2022-05-28,2022-01-01 06:09:00,2022-01-01 19:54:00,2022-01-01 06:14:00,2022-01-01 20:06:00,2022-01-01 06:13:00,2022-01-01 20:15:00
2022-05-29,2022-01-01 05:12:00,2022-01-01 20:43:00,2022-01-01 05:12:00,2022-01-01 21:00:00,2022-01-01 05:04:00,2022-01-01 21:15:00
2022-05-30,2022-01-01 04:43:00,2022-01-01 21:18:00,2022-01-01 04:40:00,2022-01-01 21:38:00,2022-01-01 04:27:00,2022-01-01 21:59:00
2022-05-31,2022-01-01 04:58:00,2022-01-01 21:13:00,2022-01-01 04:56:00,2022-01-01 21:32:00,2022-01-01 04:45:00,2022-01-01 21:51:00
2022-06-01,2022-01-01 05:43:00,2022-01-01 20:27:00,2022-01-01 05:45:00,2022-01-01 20:42:00,2022-01-01 05:40:00,2022-01-01 20:54:00
2022-06-02,2022-01-01 06:32:00,2022-01-01 19:20:00,2022-01-01 06:39:00,2022-01-01 19:30:00,2022-01-01 06:40:00,2022-01-01 19:36:00
2022-06-03,2022-01-01 07:21:00,2022-01-01 18:12:00,2022-01-01 07:32:00,2022-01-01 18:17:00,2022-01-01 07:40:00,2022-01-01 18:17:00
2022-06-04,2022-01-01 07:15:00,2022-01-01 16:14:00,2022-01-01 07:31:00,2022-01-01 16:15:00,2022-01-01 07:45:00,2022-01-01 16:09:00
2022-06-05,2022-01-01 07:58:00,2022-01-01 15:51:00,2022-01-01 08:17:00,2022-01-01 15:49:00,2022-01-01 08:36:00,2022-01-01 15:38:00
2022-06-06,2022-01-01 08:00:00,2022-01-01 16:19:00,2022-01-01 08:18:00,2022-01-01 16:18:00,2022-01-01 08:35:00,2022-01-01 16:09:00
2022-06-07,2022-01-01 07:16:00,2022-01-01 17:14:00,2022-01-01 07:30:00,2022-01-01 17:17:00,2022-01-01 07:40:00,2022-01-01 17:14:00
2022-06-08,2022-01-01 06:17:00,2022-01-01 18:03:00,2022-01-01 06:26:00,2022-01-01 18:11:00,2022-01-01 06:31:00,2022-01-01 18:14:00
2022-06-09,2022-01-01 06:07:00,2022-01-01 19:55:00,2022-01-01 06:12:00,2022-01-01 20:08:00,2022-01-01 06:10:00,2022-01-01 20:17:00
2022-06-10,2022-01-01 05:10:00,2022-01-01 20:44:00,2022-01-01 05:10:00,2022-01-01 21:01:00,2022-01-01 05:02:00,2022-01-01 21:17:00
2022-06-11,2022-01-01 04:43:00,2022-01-01 21:19:00,2022-01-01 04:40:00,2022-01-01 21:39:00,2022-01-01 04:26:00,2022-01-01 22:00:00
2022-06-12,2022-01-01 05:00:00,2022-01-01 21:12:00,2022-01-01 04:58:00,2022-01-01 21:31:00,2022-01-01 04:46:00,2022-01-01 21:50:00
2022-06-13,2022-01-01 05:44:00,2022-01-01 20:25:00,2022-01-01 05:46:00,2022-01-01 20:39:00,2022-01-01 05:42:00,2022-01-01 20:52:00
2022-06-14,2022-01-01 06:34:00,2022-01-01 19:17:00,2022-01-01 06:40:00,2022-01-01 19:27:00,2022-01-01 06:42:00,2022-01-01 19:33:00
2022-06-15,2022-01-01 07:22:00,2022-01-01 18:09:00,2022-01-01 07:34:00,2022-01-01 18:15:00,2022-01-01 07:42:00,2022-01-01 18:15:00
2022-06-16,2022-01-01 07:17:00,2022-01-01 16:12:00,2022-01-01 07:32:00,2022-01-01 16:13:00,2022-01-01 07:47:00,2022-01-01 16:07:00
2022-06-17,2022-01-01 07:59:00,2022-01-01 15:51:00,2022-01-01 08:18:00,2022-01-01 15:49:00,2022-01-01 08:37:00,2022-01-01 15:38:00
2022-06-18,2022-01-01 07:59:00,2022-01-01 16:21:00,2022-01-01 08:17:00,2022-01-01 16:20:00,2022-01-01 08:34:00,2022-01-01 16:11:00
2022-06-19,2022-01-01 07:14:00,2022-01-01 17:15:00,2022-01-01 07:28:00,2022-01-01 17:19:00,2022-01-01 07:38:00,2022-01-01 17:17:00
2022-06-20,2022-01-01 06:15:00,2022-01-01 18:05:00,2022-01-01 06:24:00,2022-01-01 18:13:00,2022-01-01 06:28:00,2022-01-01 18:16:00
2022-06-21,2022-01-01 06:05:00,2022-01-01 19:57:00,2022-01-01 06:09:00,2022-01-01 20:10:00,2022-01-01 06:08:00,2022-01-01 20:19:00
2022-06-22,2022-01-01 05:09:00,2022-01-01 20:46:00,2022-01-01 05:09:00,2022-01-01 21:03:00,2022-01-01 05:00:00,2022-01-01 21:19:00
2022-06-23,2022-01-01 04:43:00,2022-01-01 21:19:00,2022-01-01 04:39:00,2022-01-01 21:40:00,2022-01-01 04:26:00,2022-01-01 22:01:00
2022-06-24,2022-01-01 05:01:00,2022-01-01 21:11:00,2022-01-01 04:59:00,2022-01-01 21:30:00,2022-01-01 04:48:00,2022-01-01 21:49:00
2022-06-25,2022-01-01 05:46:00,2022-01-01 20:23:00,2022-01-01 05:48:00,2022-01-01 20:37:00,2022-01-01 05:44:00,2022-01-01 20:49:00
2022-06-26,2022-01-01 06:35:00,2022-01-01 19:15:00,2022-01-01 06:42:00,2022-01-01 19:25:00,2022-01-01 06:44:00,2022-01-01 19:31:00
2022-06-27,2022-01-01 07:24:00,2022-01-01 18:07:00,2022-01-01 07:36:00,2022-01-01 18:13:00,2022-01-01 07:44:00,2022-01-01 18:12:00
2022-06-28,2022-01-01 07:18:00,2022-01-01 16:11:00,2022-01-01 07:34:00,2022-01-01 16:12:00,2022-01-01 07:49:00,2022-01-01 16:05:00
2022-06-29,2022-01-01 08:00:00,2022-01-01 15:51:00,2022-01-01 08:19:00,2022-01-01 15:49:00,2022-01-01 08:38:00,2022-01-01 15:38:00
2022-06-30,2022-01-01 07:59:00,2022-01-01 16:22:00,2022-01-01 08:16:00,2022-01-01 16:22:00,2022-01-01 08:33:00,2022-01-01 16:13:00
2022-07-01,2022-01-01 07:13:00,2022-01-01 17:17:00,2022-01-01 07:25:00,2022-01-01 17:21:00,2022-01-01 07:36:00,2022-01-01 17:19:00
2022-07-02,2022-01-01 06:12:00,2022-01-01 18:07:00,2022-01-01 06:21:00,2022-01-01 18:15:00,2022-01-01 06:26:00,2022-01-01 18:18:00
2022-07-03,2022-01-01 06:03:00,2022-01-01 19:59:00,2022-01-01 06:07:00,2022-01-01 20:11:00,2022-01-01 06:05:00,2022-01-01 20:21:00
2022-07-04,2022-01-01 05:07:00,2022-01-01 20:47:00,2022-01-01 05:07:00,2022-01-01 21:04:00,2022-01-01 04:58:00,2022-01-01 21:21:00
2022-07-05,2022-01-01 04:43:00,2022-01-01 21:20:00,2022-01-01 04:39:00,2022-01-01 21:40:00,2022-01-01 04:26:00,2022-01-01 22:01:00
2022-07-06,2022-01-01 05:02:00,2022-01-01 21:10:00,2022-01-01 05:00:00,2022-01-01 21:29:00,2022-01-01 04:49:00,2022-01-01 21:47:00
2022-07-07,2022-01-01 05:47:00,2022-01-01 20:21:00,2022-01-01 05:50:00,2022-01-01 20:35:00,2022-01-01 05:46:00,2022-01-01 20:47:00
2022-07-08,2022-01-01 06:37:00,2022-01-01 19:13:00,2022-01-01 06:44:00,2022-01-01 19:22:00,2022-01-01 06:46:00,2022-01-01 19:28:00
2022-07-09,2022-01-01 07:26:00,2022-01-01 18:05:00,2022-01-01 07:37:00,2022-01-01 18:10:00,2022-01-01 07:46:00,2022-01-01 18:10:00
2022-07-10,2022-01-01 07:20:00,2022-01-01 16:10:00,2022-01-01 07:36:00,2022-01-01 16:10:00,2022-01-01 07:51:00,2022-01-01 16:03:00
2022-07-11,2022-01-01 08:00:00,2022-01-01 15:52:00,2022-01-01 08:19:00,2022-01-01 15:49:00,2022-01-01 08:39:00,2022-01-01 15:38:00
2022-07-12,2022-01-01 07:58:00,2022-01-01 16:24:00,2022-01-01 08:15:00,2022-01-01 16:23:00,2022-01-01 08:31:00,2022-01-01 16:15:00
2022-07-13,2022-01-01 07:11:00,2022-01-01 17:19:00,2022-01-01 07:23:00,2022-01-01 17:23:00,2022-01-01 07:33:00,2022-01-01 17:21:00
2022-07-14,2022-01-01 06:10:00,2022-01-01 18:08:00,2022-01-01 06:19:00,2022-01-01 18:17:00,2022-01-01 06:23:00,2022-01-01 18:20:00
2022-07-15,2022-01-01 06:01:00,2022-01-01 20:00:00,2022-01-01 06:05:00,2022-01-01 20:13:00,2022-01-01 06:03:00,2022-01-01 20:23:00
2022-07-16,2022-01-01 05:06:00,2022-01-01 20:49:00,2022-01-01 05:05:00,2022-01-01 21:06:00,2022-01-01 04:57:00,2022-01-01 21:23:00
2022-07-17,2022-01-01 04:43:00,2022-01-01 21:20:00,2022-01-01 04:39:00,2022-01-01 21:40:00,2022-01-01 04:26:00,2022-01-01 22:02:00
2022-07-18,2022-01-01 05:03:00,2022-01-01 21:09:00,2022-01-01 05:01:00,2022-01-01 21:28:00,2022-01-01 04:51:00,2022-01-01 21:46:00
2022-07-19,2022-01-01 05:49:00,2022-01-01 20:19:00,2022-01-01 05:52:00,2022-01-01 20:33:00,2022-01-01 05:48:00,2022-01-01 20:45:00
2022-07-20,2022-01-01 06:38:00,2022-01-01 19:11:00,2022-01-01 06:46:00,2022-01-01 19:20:00,2022-01-01 06:48:00,2022-01-01 19:25:00
2022-07-21,2022-01-01 07:28:00,2022-01-01 18:03:00,2022-01-01 07:39:00,2022-01-01 18:08:00,2022-01-01 07:48:00,2022-01-01 18:07:00
2022-07-22,2022-01-01 07:22:00,2022-01-01 16:08:00,2022-01-01 07:38:00,2022-01-01 16:09:00,2022-01-01 07:53:00,2022-01-01 16:02:00
2022-07-23,2022-01-01 08:01:00,2022-01-01 15:52:00,2022-01-01 08:20:00,2022-01-01 15:50:00,2022-01-01 08:39:00,2022-01-01 15:38:00
2022-07-24,2022-01-01 07:57:00,2022-01-01 16:25:00,2022-01-01 08:14:00,2022-01-01 16:25:00,2022-01-01 08:30:00,2022-01-01 16:17:00
2022-07-25,2022-01-01 07:09:00,2022-01-01 17:21:00,2022-01-01 07:21:00,2022-01-01 17:25:00,2022-01-01 07:31:00,2022-01-01 17:23:00
2022-07-26,2022-01-01 06:08:00,2022-01-01 18:10:00,2022-01-01 06:16:00,2022-01-01 18:18:00,2022-01-01 06:20:00,2022-01-01 18:22:00
2022-07-27,2022-01-01 05:59:00,2022-01-01 20:02:00,2022-01-01 06:03:00,2022-01-01 20:15:00,2022-01-01 06:00:00,2022-01-01 20:25:00
2022-07-28,2022-01-01 05:04:00,2022-01-01 20:50:00,2022-01-01 05:04:00,2022-01-01 21:08:00,2022-01-01 04:55:00,2022-01-01 21:25:00
2022-07-29,2022-01-01 04:43:00,2022-01-01 21:21:00,2022-01-01 04:39:00,2022-01-01 21:41:00,2022-01-01 04:26:00,2022-01-01 22:02:00
2022-07-30,2022-01-01 05:04:00,2022-01-01 21:08:00,2022-01-01 05:03:00,2022-01-01 21:26:00,2022-01-01 04:52:00,2022-01-01 21:45:00
2022-07-31,2022-01-01 05:50:00,2022-01-01 20:17:00,2022-01-01 05:53:00,2022-01-01 20:31:00,2022-01-01 05:49:00,2022-01-01 20:42:00
2022-08-01,2022-01-01 06:40:00,2022-01-01 19:08:00,2022-01-01 06:47:00,2022-01-01 19:18:00,2022-01-01 06:50:00,2022-01-01 19:23:00
2022-08-02,2022-01-01 07:29:00,2022-01-01 18:01:00,2022-01-01 07:41:00,2022-01-01 18:06:00,2022-01-01 07:50:00,2022-01-01 18:05:00
2022-08-03,2022-01-01 07:23:00,2022-01-01 16:07:00,2022-01-01 07:40:00,2022-01-01 16:08:00,2022-01-01 07:55:00,2022-01-01 16:00:00
2022-08-04,2022-01-01 08:02:00,2022-01-01 15:52:00,2022-01-01 08:21:00,2022-01-01 15:50:00,2022-01-01 08:40:00,2022-01-01 15:38:00
2022-08-05,2022-01-01 07:56:00,2022-01-01 16:27:00,2022-01-01 08:13:00,2022-01-01 16:27:00,2022-01-01 08:29:00,2022-01-01 16:19:00
2022-08-06,2022-01-01 07:07:00,2022-01-01 17:23:00,2022-01-01 07:19:00,2022-01-01 17:27:00,2022-01-01 07:29:00,2022-01-01 17:25:00
2022-08-07,2022-01-01 06:06:00,2022-01-01 18:12:00,2022-01-01 06:14:00,2022-01-01 18:20:00,2022-01-01 06:18:00,2022-01-01 18:24:00
2022-08-08,2022-01-01 05:56:00,2022-01-01 20:04:00,2022-01-01 06:00:00,2022-01-01 20:17:00,2022-01-01 05:58:00,2022-01-01 20:27:00
2022-08-09,2022-01-01 05:03:00,2022-01-01 20:52:00,2022-01-01 05:02:00,2022-01-01 21:09:00,2022-01-01 04:53:00,2022-01-01 21:26:00
2022-08-10,2022-01-01 04:43:00,2022-01-01 21:21:00,2022-01-01 04:39:00,2022-01-01 21:41:00,2022-01-01 04:26:00,2022-01-01 22:02:00
2022-08-11,2022-01-01 05:06:00,2022-01-01 21:07:00,2022-01-01 05:04:00,2022-01-01 21:25:00,2022-01-01 04:54:00,2022-01-01 21:43:00
2022-08-12,2022-01-01 05:52:00,2022-01-01 20:15:00,2022-01-01 05:55:00,2022-01-01 20:29:00,2022-01-01 05:51:00,2022-01-01 20:40:00
2022-08-13,2022-01-01 06:42:00,2022-01-01 19:06:00,2022-01-01 06:49:00,2022-01-01 19:15:00,2022-01-01 06:52:00,2022-01-01 19:20:00
2022-08-14,2022-01-01 07:31:00,2022-01-01 17:59:00,2022-01-01 07:43:00,2022-01-01 18:04:00,2022-01-01 07:52:00,2022-01-01 18:02:00
2022-08-15,2022-01-01 07:25:00,2022-01-01 16:06:00,2022-01-01 07:42:00,2022-01-01 16:06:00,2022-01-01 07:57:00,2022-01-01 15:59:00
2022-08-16,2022-01-01 08:02:00,2022-01-01 15:52:00,2022-01-01 08:22:00,2022-01-01 15:50:00,2022-01-01 08:41:00,2022-01-01 15:39:00
2022-08-17,2022-01-01 07:55:00,2022-01-01 16:29:00,2022-01-01 08:11:00,2022-01-01 16:29:00,2022-01-01 08:27:00,2022-01-01 16:21:00
2022-08-18,2022-01-01 07:05:00,2022-01-01 17:24:00,2022-01-01 07:17:00,2022-01-01 17:29:00,2022-01-01 07:26:00,2022-01-01 17:27:00
2022-08-19,2022-01-01 06:03:00,2022-01-01 18:13:00,2022-01-01 06:12:00,2022-01-01 18:22:00,2022-01-01 06:15:00,2022-01-01 18:26:00
2022-08-20,2022-01-01 05:54:00,2022-01-01 20:05:00,2022-01-01 05:58:00,2022-01-01 20:19:00,2022-01-01 05:55:00,2022-01-01 20:29:00
2022-08-21,2022-01-01 05:02:00,2022-01-01 20:53:00,2022-01-01 05:01:00,2022-01-01 21:11:00,2022-01-01 04:52:00,2022-01-01 21:28:00
2022-08-22,2022-01-01 04:43:00,2022-01-01 21:21:00,2022-01-01 04:39:00,2022-01-01 21:41:00,2022-01-01 04:26:00,2022-01-01 22:03:00
2022-08-23,2022-01-01 05:07:00,2022-01-01 21:06:00,2022-01-01 05:06:00,2022-01-01 21:24:00,2022-01-01 04:56:00,2022-01-01 21:42:00
2022-08-24,2022-01-01 05:54:00,2022-01-01 20:13:00,2022-01-01 05:57:00,2022-01-01 20:26:00,2022-01-01 05:53:00,2022-01-01 20:37:00
2022-08-25,2022-01-01 06:43:00,2022-01-01 19:04:00,2022-01-01 06:51:00,2022-01-01 19:13:00,2022-01-01 06:54:00,2022-01-01 19:17:00
2022-08-26,2022-01-01 07:33:00,2022-01-01 17:57:00,2022-01-01 07:45:00,2022-01-01 18:01:00,2022-01-01 07:54:00,2022-01-01 18:00:00
2022-08-27,2022-01-01 07:27:00,2022-01-01 16:05:00,2022-01-01 07:43:00,2022-01-01 16:05:00,2022-01-01 07:59:00,2022-01-01 15:57:00
2022-08-28,2022-01-01 08:03:00,2022-01-01 15:53:00,2022-01-01 08:22:00,2022-01-01 15:51:00,2022-01-01 08:41:00,2022-01-01 15:39:00
2022-08-29,2022-01-01 07:54:00,2022-01-01 16:30:00,2022-01-01 08:10:00,2022-01-01 16:31:00,2022-01-01 08:26:00,2022-01-01 16:23:00
2022-08-30,2022-01-01 07:03:00,2022-01-01 17:26:00,2022-01-01 07:15:00,2022-01-01 17:31:00,2022-01-01 07:24:00,2022-01-01 17:30:00
2022-08-31,2022-01-01 06:01:00,2022-01-01 18:15:00,2022-01-01 06:09:00,2022-01-01 18:24:00,2022-01-01 06:13:00,2022-01-01 18:28:00
2022-09-01,2022-01-01 05:52:00,2022-01-01 20:07:00,2022-01-01 05:56:00,2022-01-01 20:21:00,2022-01-01 05:53:00,2022-01-01 20:32:00
2022-09-02,2022-01-01 05:00:00,2022-01-01 20:54:00,2022-01-01 05:00:00,2022-01-01 21:12:00,2022-01-01 04:50:00,2022-01-01 21:30:00
2022-09-03,2022-01-01 04:43:00,2022-01-01 21:21:00,2022-01-01 04:40:00,2022-01-01 21:42:00,2022-01-01 04:26:00,2022-01-01 22:03:00
2022-09-04,2022-01-01 05:08:00,2022-01-01 21:05:00,2022-01-01 05:07:00,2022-01-01 21:22:00,2022-01-01 04:57:00,2022-01-01 21:40:00
2022-09-05,2022-01-01 05:55:00,2022-01-01 20:11:00,2022-01-01 05:59:00,2022-01-01 20:24:00,2022-01-01 05:55:00,2022-01-01 20:35:00
2022-09-06,2022-01-01 06:45:00,2022-01-01 19:01:00,2022-01-01 06:53:00,2022-01-01 19:10:00,2022-01-01 06:56:00,2022-01-01 19:15:00
2022-09-07,2022-01-01 07:34:00,2022-01-01 17:55:00,2022-01-01 07:47:00,2022-01-01 17:59:00,2022-01-01 07:56:00,2022-01-01 17:58:00
2022-09-08,2022-01-01 07:28:00,2022-01-01 16:04:00,2022-01-01 07:45:00,2022-01-01 16:04:00,2022-01-01 08:01:00,2022-01-01 15:56:00
2022-09-09,2022-01-01 08:04:00,2022-01-01 15:53:00,2022-01-01 08:23:00,2022-01-01 15:51:00,2022-01-01 08:42:00,2022-01-01 15:40:00
2022-09-10,2022-01-01 07:52:00,2022-01-01 16:32:00,2022-01-01 08:09:00,2022-01-01 16:32:00,2022-01-01 08:24:00,2022-01-01 16:25:00
2022-09-11,2022-01-01 07:01:00,2022-01-01 17:28:00,2022-01-01 07:13:00,2022-01-01 17:33:00,2022-01-01 07:22:00,2022-01-01 17:32:00
2022-09-12,2022-01-01 05:59:00,2022-01-01 18:17:00,2022-01-01 06:07:00,2022-01-01 18:26:00,2022-01-01 06:10:00,2022-01-01 18:30:00
2022-09-13,2022-01-01 05:50:00,2022-01-01 20:09:00,2022-01-01 05:54:00,2022-01-01 20:22:00,2022-01-01 05:50:00,2022-01-01 20:34:00
2022-09-14,2022-01-01 04:59:00,2022-01-01 20:56:00,2022-01-01 04:58:00,2022-01-01 21:14:00,2022-01-01 04:48:00,2022-01-01 21:32:00
2022-09-15,2022-01-01 04:43:00,2022-01-01 21:22:00,2022-01-01 04:40:00,2022-01-01 21:42:00,2022-01-01 04:26:00,2022-01-01 22:03:00
2022-09-16,2022-01-01 05:10:00,2022-01-01 21:03:00,2022-01-01 05:09:00,2022-01-01 21:21:00,2022-01-01 04:59:00,2022-01-01 21:38:00
2022-09-17,2022-01-01 05:57:00,2022-01-01 20:09:00,2022-01-01 06:00:00,2022-01-01 20:22:00,2022-01-01 05:57:00,2022-01-01 20:33:00
2022-09-18,2022-01-01 06:46:00,2022-01-01 18:59:00,2022-01-01 06:54:00,2022-01-01 19:08:00,2022-01-01 06:58:00,2022-01-01 19:12:00
2022-09-19,2022-01-01 07:36:00,2022-01-01 17:53:00,2022-01-01 07:49:00,2022-01-01 17:57:00,2022-01-01 07:58:00,2022-01-01 17:55:00
2022-09-20,2022-01-01 07:30:00,2022-01-01 16:03:00,2022-01-01 07:47:00,2022-01-01 16:02:00,2022-01-01 08:03:00,2022-01-01 15:54:00
2022-09-21,2022-01-01 08:04:00,2022-01-01 15:54:00,2022-01-01 08:23:00,2022-01-01 15:52:00,2022-01-01 08:43:00,2022-01-01 15:40:00
2022-09-22,2022-01-01 07:51:00,2022-01-01 16:34:00,2022-01-01 08:08:00,2022-01-01 16:34:00,2022-01-01 08:23:00,2022-01-01 16:27:00
2022-09-23,2022-01-01 06:58:00,2022-01-01 17:30:00,2022-01-01 07:10:00,2022-01-01 17:35:00,2022-01-01 07:19:00,2022-01-01 17:34:00
2022-09-24,2022-01-01 05:57:00,2022-01-01 18:18:00,2022-01-01 06:04:00,2022-01-01 18:28:00,2022-01-01 06:07:00,2022-01-01 18:32:00
2022-09-25,2022-01-01 05:48:00,2022-01-01 20:10:00,2022-01-01 05:51:00,2022-01-01 20:24:00,2022-01-01 05:48:00,2022-01-01 20:36:00
2022-09-26,2022-01-01 04:58:00,2022-01-01 20:57:00,2022-01-01 04:57:00,2022-01-01 21:15:00,2022-01-01 04:47:00,2022-01-01 21:33:00
2022-09-27,2022-01-01 04:43:00,2022-01-01 21:22:00,2022-01-01 04:40:00,2022-01-01 21:42:00,2022-01-01 04:27:00,2022-01-01 22:03:00
2022-09-28,2022-01-01 05:11:00,2022-01-01 21:02:00,2022-01-01 05:10:00,2022-01-01 21:20:00,2022-01-01 05:01:00,2022-01-01 21:37:00
2022-09-29,2022-01-01 05:58:00,2022-01-01 20:07:00,2022-01-01 06:02:00,2022-01-01 20:20:00,2022-01-01 05:59:00,2022-01-01 20:30:00
2022-09-30,2022-01-01 06:48:00,2022-01-01 18:57:00,2022-01-01 06:56:00,2022-01-01 19:05:00,2022-01-01 07:00:00,2022-01-01 19:09:00
2022-10-01,2022-01-01 07:38:00,2022-01-01 17:51:00,2022-01-01 07:51:00,2022-01-01 17:55:00,2022-01-01 08:00:00,2022-01-01 17:53:00
2022-10-02,2022-01-01 07:32:00,2022-01-01 16:02:00,2022-01-01 07:49:00,2022-01-01 16:01:00,2022-01-01 08:05:00,2022-01-01 15:53:00
2022-10-03,2022-01-01 08:05:00,2022-01-01 15:54:00,2022-01-01 08:24:00,2022-01-01 15:52:00,2022-01-01 08:43:00,2022-01-01 15:41:00
2022-10-04,2022-01-01 07:50:00,2022-01-01 16:36:00,2022-01-01 08:06:00,2022-01-01 16:36:00,2022-01-01 08:21:00,2022-01-01 16:29:00
2022-10-05,2022-01-01 06:56:00,2022-01-01 17:32:00,2022-01-01 07:08:00,2022-01-01 17:37:00,2022-01-01 07:17:00,2022-01-01 17:36:00
2022-10-06,2022-01-01 05:54:00,2022-01-01 18:20:00,2022-01-01 06:02:00,2022-01-01 18:29:00,2022-01-01 06:05:00,2022-01-01 18:34:00
2022-10-07,2022-01-01 05:46:00,2022-01-01 20:12:00,2022-01-01 05:49:00,2022-01-01 20:26:00,2022-01-01 05:45:00,2022-01-01 20:38:00
2022-10-08,2022-01-01 04:57:00,2022-01-01 20:59:00,2022-01-01 04:55:00,2022-01-01 21:17:00,2022-01-01 04:45:00,2022-01-01 21:35:00
2022-10-09,2022-01-01 04:44:00,2022-01-01 21:22:00,2022-01-01 04:40:00,2022-01-01 21:42:00,2022-01-01 04:27:00,2022-01-01 22:03:00
2022-10-10,2022-01-01 05:12:00,2022-01-01 21:01:00,2022-01-01 05:12:00,2022-01-01 21:18:00,2022-01-01 05:02:00,2022-01-01 21:35:00
2022-10-11,2022-01-01 06:00:00,2022-01-01 20:04:00,2022-01-01 06:04:00,2022-01-01 20:17:00,2022-01-01 06:01:00,2022-01-01 20:28:00
2022-10-12,2022-01-01 06:50:00,2022-01-01 18:54:00,2022-01-01 06:58:00,2022-01-01 19:03:00,2022-01-01 07:02:00,2022-01-01 19:07:00
2022-10-13,2022-01-01 07:40:00,2022-01-01 17:49:00,2022-01-01 07:52:00,2022-01-01 17:53:00,2022-01-01 08:02:00,2022-01-01 17:50:00
2022-10-14,2022-01-01 07:33:00,2022-01-01 16:01:00,2022-01-01 07:50:00,2022-01-01 16:00:00,2022-01-01 08:07:00,2022-01-01 15:52:00
2022-10-15,2022-01-01 08:05:00,2022-01-01 15:55:00,2022-01-01 08:24:00,2022-01-01 15:53:00,2022-01-01 08:43:00,2022-01-01 15:41:00
2022-10-16,2022-01-01 07:49:00,2022-01-01 16:37:00,2022-01-01 08:05:00,2022-01-01 16:38:00,2022-01-01 08:20:00,2022-01-01 16:31:00
2022-10-17,2022-01-01 06:54:00,2022-01-01 17:33:00,2022-01-01 07:06:00,2022-01-01 17:39:00,2022-01-01 07:14:00,2022-01-01 17:38:00
2022-10-18,2022-01-01 05:52:00,2022-01-01 18:22:00,2022-01-01 05:59:00,2022-01-01 18:31:00,2022-01-01 06:02:00,2022-01-01 18:37:00
2022-10-19,2022-01-01 05:44:00,2022-01-01 20:14:00,2022-01-01 05:47:00,2022-01-01 20:28:00,2022-01-01 05:43:00,2022-01-01 20:40:00
2022-10-20,2022-01-01 04:56:00,2022-01-01 21:00:00,2022-01-01 04:54:00,2022-01-01 21:18:00,2022-01-01 04:44:00,2022-01-01 21:37:00
2022-10-21,2022-01-01 04:44:00,2022-01-01 21:22:00,2022-01-01 04:41:00,2022-01-01 21:42:00,2022-01-01 04:28:00,2022-01-01 22:03:00
2022-10-22,2022-01-01 05:14:00,2022-01-01 20:59:00,2022-01-01 05:13:00,2022-01-01 21:17:00,2022-01-01 05:04:00,2022-01-01 21:33:00
2022-10-23,2022-01-01 06:02:00,2022-01-01 20:02:00,2022-01-01 06:06:00,2022-01-01 20:15:00,2022-01-01 06:03:00,2022-01-01 20:25:00
2022-10-24,2022-01-01 06:51:00,2022-01-01 18:52:00,2022-01-01 07:00:00,2022-01-01 19:00:00,2022-01-01 07:04:00,2022-01-01 19:04:00
2022-10-25,2022-01-01 07:41:00,2022-01-01 17:47:00,2022-01-01 07:54:00,2022-01-01 17:51:00,2022-01-01 08:04:00,2022-01-01 17:48:00
2022-10-26,2022-01-01 07:35:00,2022-01-01 16:00:00,2022-01-01 07:52:00,2022-01-01 15:59:00,2022-01-01 08:09:00,2022-01-01 15:50:00
2022-10-27,2022-01-01 08:05:00,2022-01-01 15:56:00,2022-01-01 08:24:00,2022-01-01 15:53:00,2022-01-01 08:44:00,2022-01-01 15:42:00
2022-10-28,2022-01-01 07:47:00,2022-01-01 16:39:00,2022-01-01 08:03:00,2022-01-01 16:40:00,2022-01-01 08:18:00,2022-01-01 16:33:00
2022-10-29,2022-01-01 06:52:00,2022-01-01 17:35:00,2022-01-01 07:04:00,2022-01-01 17:41:00,2022-01-01 07:12:00,2022-01-01 17:40:00
2022-10-30,2022-01-01 05:50:00,2022-01-01 18:23:00,2022-01-01 05:57:00,2022-01-01 18:33:00,2022-01-01 05:59:00,2022-01-01 18:39:00
2022-10-31,2022-01-01 05:42:00,2022-01-01 20:15:00,2022-01-01 05:45:00,2022-01-01 20:30:00,2022-01-01 05:41:00,2022-01-01 20:42:00
2022-11-01,2022-01-01 04:55:00,2022-01-01 21:01:00,2022-01-01 04:53:00,2022-01-01 21:20:00,2022-01-01 04:42:00,2022-01-01 21:38:00
2022-11-02,2022-01-01 04:45:00,2022-01-01 21:22:00,2022-01-01 04:41:00,2022-01-01 21:42:00,2022-01-01 04:28:00,2022-01-01 22:03:00
2022-11-03,2022-01-01 05:15:00,2022-01-01 20:58:00,2022-01-01 05:15:00,2022-01-01 21:15:00,2022-01-01 05:06:00,2022-01-01 21:32:00
2022-11-04,2022-01-01 06:03:00,2022-01-01 20:00:00,2022-01-01 06:07:00,2022-01-01 20:13:00,2022-01-01 06:05:00,2022-01-01 20:23:00
2022-11-05,2022-01-01 06:53:00,2022-01-01 18:50:00,2022-01-01 07:01:00,2022-01-01 18:58:00,2022-01-01 07:06:00,2022-01-01 19:01:00
2022-11-06,2022-01-01 07:43:00,2022-01-01 17:45:00,2022-01-01 07:56:00,2022-01-01 17:48:00,2022-01-01 08:07:00,2022-01-01 17:46:00
2022-11-07,2022-01-01 07:36:00,2022-01-01 15:59:00,2022-01-01 07:54:00,2022-01-01 15:58:00,2022-01-01 08:10:00,2022-01-01 15:49:00
2022-11-08,2022-01-01 08:06:00,2022-01-01 15:56:00,2022-01-01 08:25:00,2022-01-01 15:54:00,2022-01-01 08:44:00,2022-01-01 15:43:00
2022-11-09,2022-01-01 07:46:00,2022-01-01 16:41:00,2022-01-01 08:02:00,2022-01-01 16:42:00,2022-01-01 08:16:00,2022-01-01 16:35:00
2022-11-10,2022-01-01 06:50:00,2022-01-01 17:37:00,2022-01-01 07:01:00,2022-01-01 17:43:00,2022-01-01 07:09:00,2022-01-01 17:43:00
2022-11-11,2022-01-01 06:47:00,2022-01-01 19:25:00,2022-01-01 06:55:00,2022-01-01 19:35:00,2022-01-01 06:57:00,2022-01-01 19:41:00
2022-11-12,2022-01-01 05:40:00,2022-01-01 20:17:00,2022-01-01 05:43:00,2022-01-01 20:31:00,2022-01-01 05:38:00,2022-01-01 20:44:00
2022-11-13,2022-01-01 04:54:00,2022-01-01 21:02:00,2022-01-01 04:52:00,2022-01-01 21:21:00,2022-01-01 04:41:00,2022-01-01 21:40:00
2022-11-14,2022-01-01 04:45:00,2022-01-01 21:22:00,2022-01-01 04:42:00,2022-01-01 21:42:00,2022-01-01 04:29:00,2022-01-01 22:03:00
2022-11-15,2022-01-01 05:17:00,2022-01-01 20:56:00,2022-01-01 05:16:00,2022-01-01 21:13:00,2022-01-01 05:08:00,2022-01-01 21:30:00
2022-11-16,2022-01-01 06:05:00,2022-01-01 19:58:00,2022-01-01 06:09:00,2022-01-01 20:10:00,2022-01-01 06:07:00,2022-01-01 20:20:00
2022-11-17,2022-01-01 06:54:00,2022-01-01 18:47:00,2022-01-01 07:03:00,2022-01-01 18:55:00,2022-01-01 07:08:00,2022-01-01 18:59:00
2022-11-18,2022-01-01 07:45:00,2022-01-01 17:43:00,2022-01-01 07:58:00,2022-01-01 17:46:00,2022-01-01 08:09:00,2022-01-01 17:44:00
2022-11-19,2022-01-01 07:38:00,2022-01-01 15:58:00,2022-01-01 07:55:00,2022-01-01 15:57:00,2022-01-01 08:12:00,2022-01-01 15:48:00
2022-11-20,2022-01-01 08:06:00,2022-01-01 15:57:00,2022-01-01 08:25:00,2022-01-01 15:55:00,2022-01-01 08:44:00,2022-01-01 15:44:00
2022-11-21,2022-01-01 07:45:00,2022-01-01 16:43:00,2022-01-01 08:00:00,2022-01-01 16:44:00,2022-01-01 08:15:00,2022-01-01 16:37:00
2022-11-22,2022-01-01 06:48:00,2022-01-01 17:39:00,2022-01-01 06:59:00,2022-01-01 17:45:00,2022-01-01 07:07:00,2022-01-01 17:45:00
2022-11-23,2022-01-01 06:45:00,2022-01-01 19:27:00,2022-01-01 06:52:00,2022-01-01 19:37:00,2022-01-01 06:54:00,2022-01-01 19:43:00
2022-11-24,2022-01-01 05:38:00,2022-01-01 20:19:00,2022-01-01 05:41:00,2022-01-01 20:33:00,2022-01-01 05:36:00,2022-01-01 20:46:00
2022-11-25,2022-01-01 04:53:00,2022-01-01 21:04:00,2022-01-01 04:51:00,2022-01-01 21:22:00,2022-01-01 04:40:00,2022-01-01 21:41:00
2022-11-26,2022-01-01 04:46:00,2022-01-01 21:22:00,2022-01-01 04:42:00,2022-01-01 21:42:00,2022-01-01 04:29:00,2022-01-01 22:02:00
2022-11-27,2022-01-01 05:18:00,2022-01-01 20:55:00,2022-01-01 05:18:00,2022-01-01 21:12:00,2022-01-01 05:09:00,2022-01-01 21:28:00
2022-11-28,2022-01-01 06:06:00,2022-01-01 19:56:00,2022-01-01 06:11:00,2022-01-01 20:08:00,2022-01-01 06:09:00,2022-01-01 20:18:00
2022-11-29,2022-01-01 06:56:00,2022-01-01 18:45:00,2022-01-01 07:05:00,2022-01-01 18:53:00,2022-01-01 07:10:00,2022-01-01 18:56:00
2022-11-30,2022-01-01 07:47:00,2022-01-01 17:41:00,2022-01-01 08:00:00,2022-01-01 17:44:00,2022-01-01 08:11:00,2022-01-01 17:41:00
2022-12-01,2022-01-01 07:39:00,2022-01-01 15:57:00,2022-01-01 07:57:00,2022-01-01 15:56:00,2022-01-01 08:14:00,2022-01-01 15:47:00
2022-12-02,2022-01-01 08:06:00,2022-01-01 15:58:00,2022-01-01 08:25:00,2022-01-01 15:56:00,2022-01-01 08:44:00,2022-01-01 15:45:00
2022-12-03,2022-01-01 07:43:00,2022-01-01 16:44:00,2022-01-01 07:59:00,2022-01-01 16:46:00,2022-01-01 08:13:00,2022-01-01 16:39:00
2022-12-04,2022-01-01 06:43:00,2022-01-01 19:29:00,2022-01-01 06:50:00,2022-01-01 19:39:00,2022-01-01 06:51:00,2022-01-01 19:45:00
2022-12-05,2022-01-01 05:36:00,2022-01-01 20:20:00,2022-01-01 05:39:00,2022-01-01 20:35:00,2022-01-01 05:34:00,2022-01-01 20:48:00
2022-12-06,2022-01-01 04:52:00,2022-01-01 21:05:00,2022-01-01 04:50:00,2022-01-01 21:24:00,2022-01-01 04:39:00,2022-01-01 21:43:00
2022-12-07,2022-01-01 04:46:00,2022-01-01 21:21:00,2022-01-01 04:43:00,2022-01-01 21:41:00,2022-01-01 04:30:00,2022-01-01 22:02:00
2022-12-08,2022-01-01 05:20:00,2022-01-01 20:53:00,2022-01-01 05:19:00,2022-01-01 21:10:00,2022-01-01 05:11:00,2022-01-01 21:26:00
2022-12-09,2022-01-01 06:08:00,2022-01-01 19:54:00,2022-01-01 06:13:00,2022-01-01 20:06:00,2022-01-01 06:11:00,2022-01-01 20:15:00
2022-12-10,2022-01-01 06:58:00,2022-01-01 18:43:00,2022-01-01 07:07:00,2022-01-01 18:51:00,2022-01-01 07:12:00,2022-01-01 18:53:00
2022-12-11,2022-01-01 07:48:00,2022-01-01 17:39:00,2022-01-01 08:02:00,2022-01-01 17:42:00,2022-01-01 08:13:00,2022-01-01 17:39:00
2022-12-12,2022-01-01 07:41:00,2022-01-01 15:56:00,2022-01-01 07:59:00,2022-01-01 15:55:00,2022-01-01 08:16:00,2022-01-01 15:46:00
2022-12-13,2022-01-01 08:06:00,2022-01-01 15:59:00,2022-01-01 08:25:00,2022-01-01 15:57:00,2022-01-01 08:44:00,2022-01-01 15:46:00
2022-12-14,2022-01-01 07:42:00,2022-01-01 16:46:00,2022-01-01 07:57:00,2022-01-01 16:48:00,2022-01-01 08:11:00,2022-01-01 16:42:00
2022-12-15,2022-01-01 06:41:00,2022-01-01 19:30:00,2022-01-01 06:47:00,2022-01-01 19:40:00,2022-01-01 06:49:00,2022-01-01 19:47:00
2022-12-16,2022-01-01 05:34:00,2022-01-01 20:22:00,2022-01-01 05:37:00,2022-01-01 20:37:00,2022-01-01 05:31:00,2022-01-01 20:50:00
2022-12-17,2022-01-01 04:51:00,2022-01-01 21:06:00,2022-01-01 04:49:00,2022-01-01 21:25:00,2022-01-01 04:37:00,2022-01-01 21:44:00
2022-12-18,2022-01-01 04:47:00,2022-01-01 21:21:00,2022-01-01 04:44:00,2022-01-01 21:41:00,2022-01-01 04:31:00,2022-01-01 22:02:00
2022-12-19,2022-01-01 05:21:00,2022-01-01 20:52:00,2022-01-01 05:21:00,2022-01-01 21:08:00,2022-01-01 05:13:00,2022-01-01 21:24:00
2022-12-20,2022-01-01 06:10:00,2022-01-01 19:51:00,2022-01-01 06:14:00,2022-01-01 20:03:00,2022-01-01 06:13:00,2022-01-01 20:12:00
2022-12-21,2022-01-01 06:59:00,2022-01-01 18:41:00,2022-01-01 07:08:00,2022-01-01 18:48:00,2022-01-01 07:13:00,2022-01-01 18:51:00
2022-12-22,2022-01-01 06:50:00,2022-01-01 16:37:00,2022-01-01 07:04:00,2022-01-01 16:40:00,2022-01-01 07:15:00,2022-01-01 16:37:00
2022-12-23,2022-01-01 07:42:00,2022-01-01 15:56:00,2022-01-01 08:00:00,2022-01-01 15:55:00,2022-01-01 08:17:00,2022-01-01 15:45:00
2022-12-24,2022-01-01 08:06:00,2022-01-01 16:00:00,2022-01-01 08:25:00,2022-01-01 15:58:00,2022-01-01 08:44:00,2022-01-01 15:47:00
2022-12-25,2022-01-01 07:40:00,2022-01-01 16:48:00,2022-01-01 07:56:00,2022-01-01 16:50:00,2022-01-01 08:09:00,2022-01-01 16:44:00
2022-12-26,2022-01-01 06:38:00,2022-01-01 19:32:00,2022-01-01 06:45:00,2022-01-01 19:42:00,2022-01-01 06:46:00,2022-01-01 19:49:00
2022-12-27,2022-01-01 04:50:00,2022-01-01 21:07:00,2022-01-01 04:48:00,2022-01-01 21:26:00,2022-01-01 04:36:00,2022-01-01 21:46:00
2022-12-28,2022-01-01 05:22:00,2022-01-01 20:50:00,2022-01-01 05:23:00,2022-01-01 21:07:00,2022-01-01 05:15:00,2022-01-01 21:22:00
2022-12-29,2022-01-01 06:11:00,2022-01-01 19:49:00,2022-01-01 06:16:00,2022-01-01 20:01:00,2022-01-01 06:15:00,2022-01-01 20:10:00
2022-12-30,2022-01-01 06:52:00,2022-01-01 16:35:00,2022-01-01 07:06:00,2022-01-01 16:38:00,2022-01-01 07:17:00,2022-01-01 16:35:00
2022-12-31,2022-01-01 08:06:00,2022-01-01 16:01:00,2022-01-01 08:25:00,2022-01-01 15:59:00,2022-01-01 08:44:00,2022-01-01 15:48:00
